hijacker ASN,AVG,success, partial, failure,linkLevel,number direct Neighbors
28716,50.04488330341113,1,1113,0,0,876
57344,26.974865350089768,230,141,743,1,371
43009,12.073608617594255,8,253,853,1,135
196610,12.612208258527827,12,257,845,1,142
28675,1.3016157989228008,3,23,1088,1,4
20485,35.5475763016158,18,756,340,1,1559
12297,16.60682226211849,15,340,759,1,179
12301,12.567324955116696,9,262,843,1,179
12306,13.061041292639139,19,253,842,1,162
28693,11.44524236983842,3,249,862,1,110
12312,11.804308797127469,3,257,854,1,128
8218,38.8689407540395,50,766,298,1,1685
8220,25.314183123877918,29,506,579,1,1863
12316,10.457809694793538,3,227,884,1,89
43037,11.983842010771992,4,259,851,1,126
200735,11.759425493716337,10,242,862,1,113
200736,8.707360861759426,6,182,926,1,45
8224,8.303411131059246,4,177,933,1,35
200738,12.342908438061041,7,261,846,1,125
49183,11.669658886894075,8,244,862,1,120
12329,13.734290843806104,32,242,840,1,161
42,18.357271095152605,92,225,797,1,406
47147,40.21543985637343,43,810,261,1,1353
206892,12.163375224416518,7,257,850,1,123
26667,14.272890484739676,41,236,837,1,175
30766,11.669658886894075,9,242,863,1,116
34863,13.1508078994614,32,229,853,1,146
200752,7.809694793536805,2,170,942,1,32
12337,12.746858168761221,7,270,837,1,163
59437,11.265709156193896,3,245,866,1,107
28725,14.362657091561939,42,236,836,1,198
43061,9.111310592459605,7,189,918,1,99
8245,12.432675044883304,10,257,847,1,137
200760,7.989228007181328,3,172,939,1,35
12345,0.17953321364452424,2,0,1112,1,2
34872,35.90664272890485,42,716,356,1,1063
30781,37.02872531418313,39,747,328,1,1198
24637,12.342908438061041,8,259,847,1,150
57406,39.721723518850986,42,801,271,1,1419
198721,8.572710951526032,5,181,928,1,40
20546,13.599640933572712,27,249,838,1,171
12355,13.016157989228008,23,244,847,1,149
10310,16.60682226211849,73,224,817,1,352
198726,12.926391382405745,17,254,843,1,146
12360,12.208258527827649,5,262,847,1,125
213063,8.03411131059246,3,173,938,1,35
41033,11.714542190305206,6,249,859,1,134
47178,2.154398563734291,2,44,1068,1,4
200780,39.67684021543985,30,824,260,1,1044
139341,15.664272890484739,51,247,816,1,283
28748,12.118491921005386,4,262,848,1,121
34895,11.44524236983842,4,247,863,1,108
8265,8.572710951526032,4,183,927,1,46
204881,11.894075403949731,4,257,853,1,115
20562,36.40035906642729,75,661,378,1,1355
213075,10.368043087971275,9,213,892,1,90
41047,47.307001795332134,84,886,144,1,2952
6233,42.459605026929985,70,806,238,1,1743
200794,8.123877917414722,3,175,936,1,33
47195,13.509874326750449,26,249,839,1,153
43100,8.976660682226212,11,178,925,1,113
200799,8.168761220825854,3,176,935,1,33
28767,1.436265709156194,2,28,1084,1,3
28773,12.746858168761221,16,252,846,1,140
8298,42.28007181328546,70,802,242,1,2135
51310,11.804308797127469,6,251,857,1,117
34927,43.31238779174147,84,797,233,1,2660
12400,16.15798922800718,50,260,804,1,305
57455,10.59245960502693,2,232,880,1,93
8302,12.971274685816876,23,243,848,1,160
59507,12.387791741472173,8,260,846,1,129
8308,12.971274685816876,14,261,839,1,205
8309,29.847396768402156,44,577,493,1,814
202870,8.303411131059246,3,179,932,1,41
57463,16.561938958707362,60,249,805,1,263
30844,17.953321364452425,53,294,767,1,567
8319,11.310592459605028,2,248,864,1,115
28801,10.502692998204667,3,228,883,1,91
36994,14.587073608617594,43,239,832,1,214
4229,15.170556552962298,47,244,823,1,220
51333,9.874326750448834,19,182,913,1,72
41095,16.561938958707362,28,313,773,1,1254
137,8.213644524236983,4,175,935,1,61
49289,8.168761220825854,2,178,934,1,44
211084,7.899461400359066,3,170,941,1,33
196749,8.07899461400359,3,174,937,1,36
198800,1.2118491921005385,2,23,1089,1,4
202896,8.07899461400359,3,174,937,1,31
37009,13.195691202872531,29,236,849,1,157
204947,7.540394973070018,2,164,948,1,27
24723,11.894075403949731,3,259,852,1,134
24724,16.786355475763017,24,326,764,1,728
34966,12.477558348294435,14,250,850,1,129
39063,16.4721723518851,63,241,810,1,239
12440,14.138240574506284,38,239,837,1,170
20633,11.131059245960502,3,242,869,1,103
41114,13.061041292639139,18,255,841,1,143
47254,0.17953321364452424,2,0,1112,1,3
57495,8.168761220825854,3,176,935,1,34
12445,2.827648114901257,4,55,1055,1,7
28831,2.96229802513465,3,60,1051,1,4
213151,39.4524236983842,29,821,264,1,1067
57507,7.764811490125673,2,169,943,1,33
12453,12.073608617594255,6,257,851,1,120
32934,18.58168761220826,92,230,792,1,401
20647,13.868940754039498,37,235,842,1,177
16552,15.215439856373429,50,239,825,1,249
200873,7.764811490125673,2,169,943,1,33
22697,15.664272890484739,57,235,822,1,235
30889,13.689407540394972,41,223,850,1,165
24749,7.764811490125673,2,169,943,1,32
198830,0.17953321364452424,2,0,1112,1,3
8365,13.644524236983843,39,226,849,1,174
8368,14.811490125673249,53,224,837,1,208
39090,12.791741472172351,28,229,857,1,137
53427,12.567324955116696,9,262,843,1,172
207029,7.6750448833034115,2,167,945,1,30
12470,11.579892280071814,5,248,861,1,109
8374,12.387791741472173,6,264,844,1,159
12480,12.163375224416518,5,261,848,1,125
137409,21.005385996409334,63,342,709,1,912
207042,6.238779174147218,2,135,977,1,5
57537,11.8491921005386,6,252,856,1,118
20676,12.971274685816876,13,263,838,1,162
41160,8.03411131059246,4,171,939,1,40
14537,16.02333931777379,59,239,816,1,274
12491,13.689407540394972,26,253,835,1,167
28876,12.253141831238779,5,263,846,1,137
20686,10.771992818671455,3,234,877,1,102
207054,8.43806104129264,4,180,930,1,40
39120,16.292639138240574,69,225,820,1,258
8399,13.599640933572712,36,231,847,1,152
8400,15.529622980251347,60,226,828,1,291
59605,41.4721723518851,51,822,241,1,1644
207063,13.285457809694794,30,236,848,1,145
264409,14.272890484739676,20,278,816,1,269
28889,11.983842010771992,9,249,856,1,126
200924,11.759425493716337,5,252,857,1,128
202975,7.944344703770198,2,173,939,1,34
198890,8.213644524236983,5,173,936,1,36
8426,23.33931777378815,53,414,647,1,529
37100,42.6391382405745,67,816,231,1,1998
196844,14.631956912028725,48,230,836,1,209
209137,8.123877917414722,3,175,936,1,33
131314,12.387791741472173,8,260,846,1,150
209138,8.07899461400359,3,174,937,1,31
12533,4.129263913824057,3,86,1025,1,5
28917,40.57450628366248,58,788,268,1,2007
28919,12.028725314183124,7,254,853,1,122
205051,7.046678635547576,2,153,959,1,16
8447,40.170556552962296,45,805,264,1,1360
14593,14.317773788150808,29,261,824,1,215
28929,7.764811490125673,7,159,948,1,24
198916,7.271095152603231,4,154,956,1,15
12552,23.070017953321365,48,418,648,1,963
47372,12.163375224416518,4,263,847,1,121
51468,14.138240574506284,46,223,845,1,168
8462,13.016157989228008,29,232,853,1,141
196879,10.906642728904847,4,235,875,1,97
198930,13.958707360861759,36,239,839,1,163
8473,14.183123877917415,34,248,832,1,226
59675,12.118491921005386,4,262,848,1,122
20764,42.59425493716338,71,807,236,1,2019
12577,11.175942549371634,9,231,874,1,103
12578,14.991023339317774,44,246,824,1,279
20773,13.868940754039498,22,265,827,1,179
14630,41.4721723518851,50,824,240,1,1487
45352,13.420107719928186,13,273,828,1,194
51499,5.9245960502693,2,128,984,1,15
31025,38.10592459605027,15,819,280,1,766
39217,7.719928186714542,2,168,944,1,30
31027,37.83662477558348,29,785,300,1,1281
59699,8.348294434470377,3,180,931,1,42
6453,16.96588868940754,25,328,761,1,663
198967,12.70197486535009,22,239,853,1,144
205112,39.36265709156194,19,839,256,1,963
31034,9.73967684021544,5,207,902,1,90
196922,13.330341113105925,29,239,846,1,155
20794,1.436265709156194,2,28,1084,1,3
196925,14.00359066427289,36,240,838,1,188
35130,0.3141831238779174,2,3,1109,1,3
31042,23.788150807899463,79,372,663,1,954
31043,0.17953321364452424,2,0,1112,1,3
20804,16.651705565529625,67,237,810,1,464
28999,8.168761220825854,3,176,935,1,34
41289,10.951526032315979,3,238,873,1,102
20811,14.452423698384202,9,304,801,1,186
43341,11.624775583482945,5,249,860,1,115
12625,12.208258527827649,6,260,848,1,122
39250,1.2118491921005385,2,23,1089,1,3
8529,16.60682226211849,67,236,811,1,245
29014,12.746858168761221,10,264,840,1,142
43350,15.035906642728905,60,215,839,1,212
47447,14.317773788150808,40,239,835,1,180
12637,33.75224416517056,34,684,396,1,1006
201053,12.073608617594255,7,255,852,1,245
20830,11.8491921005386,4,256,854,1,115
57695,37.07360861759425,14,798,302,1,825
41313,18.132854578096946,52,300,762,1,211
8544,13.689407540394972,24,257,833,1,171
20836,8.707360861759426,5,184,925,1,56
43364,8.03411131059246,3,173,938,1,31
196966,1.2118491921005385,2,23,1089,1,3
4455,47.576301615798926,61,938,115,1,2282
8551,16.651705565529625,57,257,800,1,345
35179,12.387791741472173,5,266,843,1,155
24940,16.20287253141831,76,209,829,1,260
35180,12.387791741472173,23,230,861,1,125
41327,36.35547576301616,87,636,391,1,2648
8560,22.576301615798922,61,381,672,1,673
20849,11.894075403949731,3,259,852,1,115
51569,8.123877917414722,3,175,936,1,40
49524,8.258527827648114,4,176,934,1,35
20853,12.073608617594255,5,259,850,1,138
24953,12.791741472172351,11,263,840,1,142
29049,48.38420107719928,88,902,124,1,2848
51580,8.348294434470377,5,176,933,1,46
31103,12.073608617594255,12,245,857,1,125
43391,11.983842010771992,5,257,852,1,134
24961,45.78096947935368,63,894,157,1,1626
12676,12.612208258527827,7,267,840,1,136
35205,11.983842010771992,4,259,851,1,121
12678,12.522441651705565,7,265,842,1,127
55685,14.093357271095153,34,246,834,1,277
12680,11.265709156193896,4,243,867,1,108
61832,12.253141831238779,14,245,855,1,372
49544,50.67324955116697,106,917,91,1,6635
31115,8.168761220825854,5,172,937,1,40
12684,14.138240574506284,36,243,835,1,186
35213,12.253141831238779,5,263,846,1,131
201102,8.123877917414722,3,175,936,1,32
43407,10.99640933572711,3,239,872,1,98
29075,42.59425493716338,64,821,229,1,1924
29076,12.836624775583482,8,270,836,1,323
12693,13.105924596050269,27,238,849,1,156
59796,12.522441651705565,7,265,842,1,171
12695,13.55475763016158,28,246,840,1,223
37271,16.96588868940754,14,350,750,1,367
31133,29.039497307001795,50,547,517,1,1465
210937,39.63195691202873,29,825,260,1,1036
45474,15.394973070017953,47,249,818,1,259
12713,15.170556552962298,45,248,821,1,199
203180,9.73967684021544,20,177,917,1,72
20912,17.639138240574507,8,377,729,1,407
45489,41.24775583482944,50,819,245,1,1838
57777,32.98922800718133,5,725,384,1,695
59829,8.213644524236983,3,177,934,1,36
39351,44.254937163375224,97,792,225,1,2613
8632,14.542190305206462,52,220,842,1,176
35258,12.477558348294435,10,258,846,1,134
12731,13.509874326750449,30,241,843,1,164
20924,8.07899461400359,4,172,938,1,38
262589,15.305206463195692,45,251,818,1,421
8637,14.272890484739676,42,234,838,1,190
20928,11.983842010771992,10,247,857,1,134
203201,7.585278276481149,3,163,948,1,36
8641,12.522441651705565,14,251,849,1,256
20932,41.651705565529625,48,832,234,1,1438
12741,15.125673249551166,40,257,817,1,792
49605,47.71095152603232,37,989,88,1,1431
197063,11.759425493716337,3,256,855,1,116
8648,12.612208258527827,4,273,837,1,136
43467,11.265709156193896,3,245,866,1,107
205260,7.495511669658887,2,163,949,1,25
20940,19.703770197486534,92,255,767,1,529
63949,14.452423698384202,33,256,825,1,208
197071,12.163375224416518,11,249,854,1,137
35280,42.72890484739677,64,824,226,1,5649
47568,0.40394973070017953,2,5,1107,1,4
197075,8.03411131059246,2,175,937,1,35
29140,40.978456014362656,39,835,240,1,1177
8660,15.664272890484739,3,343,768,1,305
59862,8.07899461400359,4,172,938,1,36
12759,14.542190305206462,53,218,843,1,183
203223,8.617594254937163,6,180,928,1,41
209368,7.719928186714542,2,168,944,1,31
39386,17.32495511669659,67,252,795,1,281
201183,8.168761220825854,3,176,935,1,32
35297,15.843806104129264,66,221,827,1,365
12779,48.922800718132855,52,986,76,1,1807
25068,12.073608617594255,3,263,848,1,119
201198,8.213644524236983,3,177,934,1,34
35311,12.342908438061041,8,259,847,1,127
29169,13.1508078994614,35,223,856,1,205
201201,11.894075403949731,5,255,854,1,125
59890,41.202872531418315,44,830,240,1,1427
49653,11.265709156193896,23,205,886,1,101
47605,13.375224416517055,18,262,834,1,216
209400,11.535008976660682,3,251,860,1,112
29177,7.136445242369838,3,153,958,1,15
14840,49.05745062836625,86,921,107,1,5086
35320,16.561938958707362,41,287,786,1,470
25081,11.175942549371634,2,245,867,1,106
31229,12.612208258527827,10,261,843,1,141
199163,12.612208258527827,12,257,845,1,134
51708,7.764811490125673,2,169,943,1,32
55805,12.836624775583482,7,272,835,1,158
25091,44.88330341113106,102,796,216,1,2974
201220,1.2118491921005385,2,23,1089,1,3
61955,15.035906642728905,55,225,834,1,197
53766,13.464991023339318,17,266,831,1,189
6663,15.888689407540395,50,254,810,1,332
209418,0.49371633752244165,2,7,1105,1,3
55818,15.798922800718133,62,228,824,1,263
6667,18.17773788150808,32,341,741,1,468
8717,17.36983842010772,30,327,757,1,322
199181,19.838420107719926,26,390,698,1,389
59919,15.798922800718133,4,344,766,1,320
262675,12.208258527827649,9,254,851,1,143
205332,4.3985637342908435,3,92,1019,1,7
29208,36.535008976660684,38,738,338,1,953
211482,2.827648114901257,3,57,1054,1,3
8732,14.093357271095153,32,250,832,1,305
31263,8.123877917414722,5,171,938,1,48
35360,40.26032315978456,31,835,248,1,1264
21030,12.028725314183124,14,240,860,1,126
553,39.40754039497307,13,852,249,1,903
29226,13.55475763016158,20,262,832,1,343
2603,15.70915619389587,37,276,801,1,510
12843,12.836624775583482,4,278,832,1,161
25133,12.477558348294435,21,236,857,1,132
205358,7.271095152603231,3,156,955,1,15
43566,13.061041292639139,30,231,853,1,139
21040,11.938958707360861,4,258,852,1,133
4651,15.754039497307001,54,243,817,1,262
559,41.11310592459605,43,830,241,1,1260
64049,15.843806104129264,59,235,820,1,258
49709,16.831238779174146,7,361,746,1,351
8757,13.868940754039498,25,259,830,1,185
8758,40.978456014362656,38,837,239,1,1272
62007,0.17953321364452424,2,0,1112,1,2
12857,11.400359066427288,3,248,863,1,115
12859,38.464991023339316,43,771,300,1,1194
8764,14.183123877917415,33,250,831,1,250
8767,14.85637342908438,38,255,821,1,250
203329,12.118491921005386,3,264,847,1,129
8772,9.649910233393177,6,203,905,1,175
62023,12.29802513464991,4,266,844,1,124
25160,47.80071813285458,57,951,106,1,1959
205385,7.001795332136445,2,152,960,1,15
33353,16.4721723518851,65,237,812,1,266
2635,16.561938958707362,62,245,807,1,292
205388,10.637342908438061,3,231,880,1,94
47692,39.272890484739676,13,849,252,1,932
6735,13.016157989228008,19,252,843,1,142
12883,14.76660682226212,47,235,832,1,229
31317,11.938958707360861,7,252,855,1,118
31319,13.375224416517055,27,244,843,1,149
12888,12.746858168761221,27,230,857,1,140
62041,13.375224416517055,33,232,849,1,147
37468,27.10951526032316,58,488,568,1,1755
62044,15.61938958707361,55,238,821,1,234
12897,12.567324955116696,7,266,841,1,141
8262,19.210053859964095,62,304,748,1,262
8804,12.971274685816876,13,263,838,1,153
29286,13.105924596050269,16,260,838,1,141
43623,11.938958707360861,8,250,856,1,125
35432,13.464991023339318,35,230,849,1,177
6762,20.511669658886895,36,385,693,1,647
49772,0.17953321364452424,2,0,1112,1,3
25198,8.707360861759426,9,176,929,1,67
12912,11.759425493716337,4,254,856,1,331
64114,12.477558348294435,26,226,862,1,136
199284,12.028725314183124,3,262,849,1,126
201333,8.123877917414722,4,173,937,1,38
47734,38.55475763016158,13,833,268,1,808
35444,2.872531418312388,4,56,1054,1,8
37492,8.03411131059246,4,171,939,1,40
57976,17.684021543985637,87,220,807,1,313
60022,14.452423698384202,50,222,842,1,168
6774,16.87612208258528,45,286,783,1,496
8823,12.028725314183124,3,262,849,1,129
2686,14.048473967684021,43,227,844,1,306
43648,7.046678635547576,2,153,959,1,16
12931,12.118491921005386,11,248,855,1,127
25220,41.292639138240574,45,830,239,1,1338
8839,13.285457809694794,33,230,851,1,149
39560,11.535008976660682,6,245,863,1,106
49800,13.195691202872531,34,226,854,1,195
12941,12.522441651705565,12,255,847,1,134
51853,0.40394973070017953,2,5,1107,1,3
49808,12.612208258527827,12,257,845,1,154
27281,12.118491921005386,8,254,852,1,130
60051,12.746858168761221,9,266,839,1,141
8855,8.213644524236983,3,177,934,1,34
51865,11.535008976660682,5,247,862,1,111
6810,12.163375224416518,5,261,848,1,121
8859,12.881508078994614,27,233,854,1,140
199324,7.63016157989228,2,166,946,1,29
199325,7.226211849192101,3,155,956,1,27
33438,15.798922800718133,57,238,819,1,276
35485,2.154398563734291,2,44,1068,1,3
55967,12.253141831238779,8,257,849,1,143
8866,17.504488330341115,43,304,767,1,263
31399,12.073608617594255,4,261,849,1,122
21161,11.490125673249551,4,248,862,1,110
197293,8.07899461400359,3,174,937,1,31
8878,12.29802513464991,18,238,858,1,129
211633,11.983842010771992,5,257,852,1,119
47794,12.657091561938959,7,268,839,1,149
8881,17.32495511669659,56,274,784,1,444
4788,16.02333931777379,38,281,795,1,353
37558,12.028725314183124,8,252,854,1,125
209591,7.360861759425494,3,158,953,1,18
8888,41.78635547576302,63,805,246,1,1461
8893,12.432675044883304,8,261,845,1,135
45758,15.170556552962298,51,236,827,1,230
25279,11.983842010771992,3,261,850,1,123
6853,9.560143626570916,4,205,905,1,87
203462,7.989228007181328,3,172,939,1,34
58057,42.41472172351885,73,799,242,1,1930
13002,14.901256732495511,48,236,830,1,196
714,16.427289048473966,69,228,817,1,313
43727,24.685816876122082,55,440,619,1,768
6866,14.901256732495511,47,238,829,1,207
25300,0.17953321364452424,2,0,1112,1,3
62166,8.213644524236983,3,177,934,1,36
209624,7.001795332136445,2,152,960,1,15
31449,13.285457809694794,43,210,861,1,154
205530,12.253141831238779,13,247,854,1,129
39642,13.689407540394972,30,245,839,1,173
41690,14.228007181328545,39,239,836,1,183
17117,11.624775583482945,9,241,864,1,114
203485,7.271095152603231,3,156,955,1,15
209629,0.17953321364452424,2,0,1112,1,2
29405,13.420107719928186,31,237,846,1,172
203489,11.8491921005386,26,212,876,1,114
6876,12.028725314183124,9,250,855,1,127
8922,8.48294434470377,5,179,930,1,39
8932,32.31597845601436,84,552,478,1,1421
8926,13.509874326750449,21,259,834,1,161
13030,26.795332136445243,39,519,556,1,847
39657,0.5385996409335727,2,8,1104,1,6
207594,14.138240574506284,35,245,834,1,169
29419,10.323159784560143,22,186,906,1,84
13039,11.938958707360861,12,242,860,1,127
13045,12.387791741472173,4,268,842,1,133
207606,8.07899461400359,3,174,937,1,31
35574,14.497307001795333,41,241,832,1,175
41720,10.188509874326751,25,177,912,1,88
8953,14.811490125673249,45,240,829,1,282
21245,13.91382405745063,40,230,844,1,179
13054,11.355475763016157,2,249,863,1,107
29438,8.393177737881508,4,179,931,1,37
47869,14.811490125673249,45,240,829,1,204
8966,19.703770197486534,48,343,723,1,592
8968,8.617594254937163,4,184,926,1,70
29449,8.572710951526032,6,179,929,1,41
51978,12.432675044883304,5,267,842,1,128
60171,40.57450628366248,46,812,256,1,1598
31500,41.60682226211849,68,791,255,1,1839
11019,12.567324955116696,34,212,868,1,161
35598,41.876122082585276,61,811,242,1,2296
21263,14.183123877917415,42,232,840,1,186
203536,13.285457809694794,31,234,849,1,150
8978,7.315978456014363,5,153,956,1,20
31510,39.22800718132854,14,846,254,1,911
25369,15.933572710951527,61,233,820,1,263
6939,52.87253141831239,135,908,71,1,10627
29467,14.183123877917415,38,240,836,1,192
15133,17.90843806104129,81,237,796,1,367
21277,11.8491921005386,5,254,855,1,133
35612,8.976660682226212,5,190,919,1,51
47902,3.007181328545781,5,57,1052,1,6
62240,17.414721723518852,54,280,780,1,404
64289,12.387791741472173,5,266,843,1,131
58150,7.405745062836624,2,161,951,1,24
9002,41.292639138240574,74,772,268,1,3277
13101,15.125673249551166,50,237,827,1,204
201518,8.168761220825854,3,176,935,1,33
39729,7.809694793536805,4,166,944,1,32
25394,13.599640933572712,26,251,837,1,188
47927,7.226211849192101,4,153,957,1,16
39737,19.0754039497307,50,325,739,1,292
205627,11.894075403949731,5,255,854,1,125
21309,8.48294434470377,3,183,928,1,46
49981,15.215439856373429,51,237,826,1,228
9022,12.342908438061041,5,265,844,1,122
197440,13.734290843806104,37,232,845,1,169
15169,17.72890484739677,84,227,803,1,395
29505,13.599640933572712,32,239,843,1,153
62275,33.21364452423698,27,686,401,1,877
43843,8.348294434470377,5,176,933,1,35
203591,8.123877917414722,3,175,936,1,33
25415,11.535008976660682,6,245,863,1,113
211785,8.168761220825854,3,176,935,1,33
9031,13.599640933572712,29,245,840,1,159
9036,13.016157989228008,38,214,862,1,148
35661,14.631956912028725,16,294,804,1,366
9044,28.545780969479353,63,510,541,1,1034
207701,11.938958707360861,4,258,852,1,117
21336,11.310592459605028,4,244,866,1,105
37721,42.0556552962298,89,759,266,1,4894
9050,40.394973070017954,62,776,276,1,1505
2906,17.32495511669659,65,256,793,1,364
41820,12.971274685816876,30,229,855,1,158
13150,16.02333931777379,60,237,817,1,306
29535,13.868940754039498,33,243,838,1,403
263009,12.881508078994614,11,265,838,1,272
2914,20.242369838420107,27,397,690,1,1531
207715,7.63016157989228,2,166,946,1,29
199524,50.40394973070018,110,903,101,1,5265
54113,18.043087971274687,73,256,785,1,368
9063,12.791741472172351,5,275,834,1,161
199536,8.258527827648114,3,178,933,1,34
60280,13.240574506283663,15,265,834,1,153
35710,38.464991023339316,15,827,272,1,858
13182,7.405745062836624,2,161,951,1,24
39808,7.989228007181328,3,172,939,1,34
62336,12.567324955116696,13,254,847,1,136
58243,12.028725314183124,5,258,851,1,127
60294,13.824057450628366,29,250,835,1,168
7049,12.746858168761221,10,264,840,1,374
13194,20.062836624775585,60,327,727,1,801
50061,12.163375224416518,4,263,847,1,120
31638,14.76660682226212,44,241,829,1,186
13213,15.26032315978456,45,250,819,1,221
62365,11.400359066427288,5,244,865,1,110
9119,14.048473967684021,39,235,840,1,236
205729,0.17953321364452424,2,0,1112,1,3
21409,14.138240574506284,38,239,837,1,166
21412,37.208258527827645,7,815,292,1,789
21413,11.669658886894075,4,252,858,1,149
25509,12.612208258527827,21,239,854,1,130
43942,10.99640933572711,23,199,892,1,98
35753,14.228007181328545,29,259,826,1,223
136106,14.093357271095153,35,244,835,1,355
207790,13.689407540394972,35,235,844,1,157
199599,13.195691202872531,28,238,848,1,216
9136,14.228007181328545,40,237,837,1,184
25521,12.926391382405745,27,234,853,1,147
945,38.19569120287253,13,825,276,1,1302
13237,47.84560143626571,54,958,102,1,2062
199606,0.17953321364452424,2,0,1112,1,2
21433,7.989228007181328,5,168,941,1,82
199610,11.714542190305206,20,221,873,1,123
58299,41.876122082585276,63,807,244,1,1690
9145,14.85637342908438,46,239,829,1,226
29632,36.80430879712747,60,700,354,1,1169
13249,14.362657091561939,37,246,831,1,216
207811,11.8491921005386,7,250,857,1,115
58307,12.387791741472173,6,264,844,1,139
39878,12.118491921005386,11,248,855,1,122
205769,12.163375224416518,4,263,847,1,122
203724,14.228007181328545,38,241,835,1,192
21454,8.07899461400359,3,174,937,1,36
35793,13.958707360861759,38,235,841,1,161
197589,8.123877917414722,3,175,936,1,33
265175,11.535008976660682,7,243,864,1,135
64475,39.946140035906645,35,820,259,1,1131
43996,15.035906642728905,50,235,829,1,194
35805,13.91382405745063,32,246,836,1,235
21473,13.824057450628366,29,250,835,1,183
13285,14.228007181328545,53,211,850,1,185
39912,12.073608617594255,7,255,852,1,135
211945,11.265709156193896,5,241,868,1,103
29686,12.432675044883304,6,265,843,1,131
21497,12.746858168761221,8,268,838,1,194
60409,0.17953321364452424,2,0,1112,1,2
29691,31.283662477558348,7,683,424,1,657
197637,11.44524236983842,3,249,862,1,111
15366,12.522441651705565,11,257,846,1,133
41998,13.285457809694794,26,244,844,1,172
60432,0.17953321364452424,2,0,1112,1,4
13335,23.429084380610412,89,344,681,1,1303
211991,8.168761220825854,3,176,935,1,32
23576,13.689407540394972,39,227,848,1,170
48152,12.29802513464991,5,264,845,1,127
7195,15.394973070017953,16,311,787,1,901
44066,13.330341113105925,12,273,829,1,158
48173,13.824057450628366,29,250,835,1,171
56368,11.579892280071814,9,240,865,1,113
33843,11.669658886894075,2,256,856,1,120
15412,14.587073608617594,30,265,819,1,282
9269,13.599640933572712,13,277,824,1,177
33848,12.253141831238779,4,265,845,1,122
205881,11.44524236983842,3,249,862,1,109
44091,1.7504488330341113,2,35,1077,1,4
44092,8.168761220825854,3,176,935,1,45
60475,8.03411131059246,4,171,939,1,40
60476,13.285457809694794,38,220,856,1,149
209987,0.17953321364452424,2,0,1112,1,2
21574,14.183123877917415,32,252,830,1,294
203848,6.867145421903052,3,147,964,1,7
15433,8.348294434470377,4,178,932,1,39
48200,15.080789946140037,44,248,822,1,221
58453,17.72890484739677,57,281,776,1,497
60501,7.854578096947935,2,171,941,1,41
9304,26.481149012567325,59,472,583,1,1220
19551,17.36983842010772,67,253,794,1,503
52320,40.619389587073606,50,805,259,1,1976
33891,40.843806104129264,54,802,258,1,1878
13414,14.85637342908438,42,247,825,1,227
9318,13.689407540394972,10,285,819,1,578
210026,7.989228007181328,2,174,938,1,34
132203,16.11310592459605,59,241,814,1,275
29802,14.721723518850988,37,254,823,1,272
44141,9.066427289048473,13,176,925,1,58
199790,11.938958707360861,9,248,857,1,120
60522,12.163375224416518,12,247,855,1,130
394354,13.91382405745063,34,242,838,1,212
60530,6.956912028725315,2,151,961,1,15
210036,13.016157989228008,28,234,852,1,157
201847,6.867145421903052,2,149,963,1,13
328832,34.829443447037704,32,712,370,1,940
398465,13.509874326750449,30,241,843,1,177
3204,12.477558348294435,15,248,851,1,188
62597,12.971274685816876,18,253,843,1,166
50316,14.40754039497307,38,245,831,1,172
3212,39.36265709156194,31,815,268,1,1192
29838,14.991023339317774,35,264,815,1,319
3214,41.876122082585276,76,781,257,1,1643
201877,11.759425493716337,24,214,876,1,111
3223,17.7737881508079,56,284,774,1,441
31898,15.484739676840215,44,257,813,1,283
197790,12.791741472172351,25,235,854,1,145
9381,14.542190305206462,36,252,826,1,242
50352,11.938958707360861,26,214,874,1,116
48314,13.195691202872531,33,228,853,1,163
15547,40.754039497307005,46,816,252,1,1368
33986,13.734290843806104,28,250,836,1,155
42180,6.822262118491921,3,146,965,1,7
206022,7.764811490125673,2,169,943,1,32
42184,13.285457809694794,32,232,850,1,156
50384,13.1508078994614,28,237,849,1,262
210129,7.540394973070018,2,164,948,1,28
23764,19.0754039497307,71,283,760,1,533
1239,40.21543985637343,56,784,274,1,1635
1241,13.734290843806104,28,250,836,1,200
25818,14.093357271095153,44,226,844,1,195
19679,13.330341113105925,39,219,856,1,187
34019,42.28007181328546,54,834,226,1,1791
3302,9.245960502692999,6,194,914,1,98
17639,41.24775583482944,58,803,253,1,2070
15594,11.310592459605028,3,246,865,1,108
201962,11.669658886894075,6,248,860,1,119
132337,36.1310592459605,59,687,368,1,1346
1267,39.54219030520646,45,791,278,1,1176
15605,47.93536804308797,37,994,83,1,1450
3320,15.484739676840215,19,307,788,1,697
263421,11.400359066427288,7,240,867,1,124
3326,14.676840215439857,42,243,829,1,428
19711,13.375224416517055,37,224,853,1,168
3327,15.035906642728905,47,241,826,1,233
199938,39.63195691202873,39,805,270,1,1099
38158,14.362657091561939,35,250,829,1,337
5392,15.574506283662478,7,333,774,1,231
44306,12.29802513464991,9,256,849,1,162
1299,30.610412926391383,54,574,486,1,2453
5394,13.689407540394972,49,207,858,1,169
5397,6.687612208258527,2,145,967,1,10
5398,38.55475763016158,11,837,266,1,771
9498,47.666068222621185,73,916,125,1,3136
197915,11.938958707360861,3,260,851,1,120
5404,12.342908438061041,22,231,861,1,143
5405,41.56193895870736,48,830,236,1,1702
5409,12.29802513464991,4,266,844,1,128
50469,11.669658886894075,6,248,860,1,115
34086,11.8491921005386,3,258,853,1,114
5416,13.1508078994614,28,237,849,1,158
210218,7.899461400359066,2,172,940,1,33
212271,10.59245960502693,4,228,882,1,161
202032,17.72890484739677,7,381,726,1,402
38193,13.285457809694794,11,274,829,1,230
210226,11.265709156193896,7,237,870,1,104
56630,16.15798922800718,65,230,819,1,276
206141,12.163375224416518,9,253,852,1,125
202046,11.131059245960502,3,242,869,1,105
44356,12.971274685816876,27,235,852,1,169
202053,14.497307001795333,43,237,834,1,181
9541,12.477558348294435,8,262,844,1,148
52551,13.464991023339318,26,248,840,1,202
15691,8.123877917414722,3,175,936,1,34
204109,11.355475763016157,4,245,865,1,105
15694,12.253141831238779,3,267,844,1,260
15695,16.696588868940754,63,246,805,1,312
50509,13.779174147217235,30,247,837,1,334
56662,35.23339317773788,34,717,363,1,1083
56665,15.664272890484739,63,223,828,1,221
197981,14.048473967684021,46,221,847,1,165
206173,7.989228007181328,3,172,939,1,33
267613,17.72890484739677,34,327,753,1,2669
21859,17.863554757630162,75,248,791,1,463
60772,8.168761220825854,3,176,935,1,39
50533,12.208258527827649,4,264,846,1,128
206182,8.303411131059246,4,177,933,1,36
15720,5.296229802513465,2,114,998,1,14
28008,13.689407540394972,29,247,838,1,172
212341,11.400359066427288,6,242,866,1,109
56701,11.44524236983842,10,235,869,1,108
200062,11.535008976660682,4,249,861,1,107
15743,12.432675044883304,5,267,842,1,131
42366,13.689407540394972,38,229,847,1,155
30081,15.529622980251347,56,234,824,1,266
34177,41.06822262118492,54,807,253,1,1471
60798,8.213644524236983,4,175,935,1,42
263558,11.175942549371634,9,231,874,1,141
3462,25.763016157989227,43,488,583,1,673
210312,27.872531418312388,34,553,527,1,599
23944,14.00359066427289,33,246,835,1,186
48519,13.55475763016158,47,208,859,1,153
62856,13.105924596050269,33,226,855,1,153
36236,43.85098743267505,93,791,230,1,7427
206222,0.17953321364452424,2,0,1112,1,2
15763,12.836624775583482,12,262,840,1,153
204180,8.07899461400359,3,174,937,1,32
212373,0.17953321364452424,2,0,1112,1,2
50581,14.76660682226212,54,221,839,1,220
30103,14.721723518850988,38,252,824,1,222
60822,13.689407540394972,36,233,845,1,154
210333,11.44524236983842,3,249,862,1,109
48544,7.989228007181328,5,168,941,1,34
208296,6.732495511669659,2,146,966,1,10
212394,0.17953321364452424,2,0,1112,1,2
198059,8.07899461400359,3,174,937,1,31
200108,8.123877917414722,3,175,936,1,32
34224,20.017953321364452,75,296,743,1,325
206264,14.85637342908438,53,225,836,1,197
42425,7.226211849192101,4,153,957,1,17
15802,41.202872531418315,51,816,247,1,1538
206267,2.872531418312388,3,58,1053,1,4
44473,3.770197486535009,5,74,1035,1,6
9658,12.791741472172351,8,269,837,1,192
212417,6.912028725314183,2,150,962,1,14
50629,40.30520646319569,78,742,294,1,1747
15817,10.906642728904847,6,231,877,1,101
198090,8.258527827648114,4,176,934,1,36
5578,12.881508078994614,12,263,839,1,202
56786,8.258527827648114,4,176,934,1,39
15830,48.24955116696589,64,947,103,1,2789
42459,12.881508078994614,7,273,834,1,126
206302,0.17953321364452424,2,0,1112,1,2
42463,7.136445242369838,4,151,959,1,17
44512,7.809694793536805,2,170,942,1,38
44513,8.303411131059246,4,177,933,1,35
208354,6.912028725314183,2,150,962,1,15
5603,12.791741472172351,5,275,834,1,253
5605,12.567324955116696,9,262,843,1,132
5606,15.080789946140037,39,258,817,1,302
62955,15.798922800718133,63,226,825,1,242
34288,41.78635547576302,53,825,236,1,1663
3573,7.405745062836624,8,149,957,1,104
200185,12.163375224416518,6,259,849,1,120
36351,16.11310592459605,61,237,816,1,305
212483,48.51885098743268,83,915,116,1,3166
1547,15.350089766606823,54,234,826,1,210
206356,37.02872531418313,11,803,300,1,749
15894,11.265709156193896,4,243,867,1,107
15895,12.387791741472173,5,266,843,1,185
24088,12.522441651705565,6,267,841,1,166
7713,17.36983842010772,66,255,793,1,778
52771,12.253141831238779,10,253,851,1,143
204326,7.944344703770198,2,173,939,1,33
54825,15.529622980251347,48,250,816,1,277
42538,0.3141831238779174,2,3,1109,1,3
42541,42.28007181328546,65,812,237,1,1406
208431,40.12567324955117,33,828,253,1,1204
15923,0.26929982046678635,2,2,1110,1,3
15925,11.265709156193896,3,245,866,1,105
15933,11.490125673249551,3,250,861,1,116
200254,8.07899461400359,3,174,937,1,31
60989,8.348294434470377,4,178,932,1,36
15943,17.010771992818672,49,281,784,1,305
13896,12.791741472172351,24,237,853,1,152
212559,7.719928186714542,2,168,944,1,30
56911,13.464991023339318,40,220,854,1,168
5713,41.51705565529623,56,813,245,1,1514
18001,14.048473967684021,31,251,832,1,179
15958,13.644524236983843,34,236,844,1,179
15965,12.746858168761221,15,254,845,1,145
15966,13.105924596050269,28,236,850,1,142
198240,7.091561938958708,3,152,959,1,11
202346,1.2118491921005385,2,23,1089,1,3
202347,7.809694793536805,2,170,942,1,31
42605,12.29802513464991,4,266,844,1,127
28283,14.048473967684021,37,239,838,1,364
206460,7.764811490125673,2,169,943,1,31
34428,12.971274685816876,43,203,868,1,146
212608,8.07899461400359,3,174,937,1,31
18059,13.734290843806104,27,252,835,1,178
1680,16.15798922800718,58,244,812,1,365
198291,2.827648114901257,3,57,1054,1,3
50837,11.983842010771992,10,247,857,1,132
16024,12.567324955116696,10,260,844,1,136
42649,14.40754039497307,38,245,831,1,192
56987,41.24775583482944,42,835,237,1,1489
42652,12.70197486535009,5,273,836,1,144
138915,19.0754039497307,42,341,731,1,277
61098,12.746858168761221,6,272,836,1,127
40627,13.644524236983843,34,236,844,1,198
18106,39.272890484739676,49,777,288,1,2140
396986,17.504488330341115,77,236,801,1,325
50877,17.145421903052064,5,372,737,1,395
396998,26.122082585278278,44,494,576,1,1163
42695,12.163375224416518,11,249,854,1,124
9930,21.54398563734291,34,412,668,1,563
136907,16.831238779174146,65,245,804,1,313
50891,0.26929982046678635,2,2,1110,1,5
54994,18.267504488330342,80,247,787,1,379
212692,11.579892280071814,4,250,860,1,111
48858,38.824057450628366,29,807,278,1,1095
63199,14.362657091561939,27,266,821,1,219
16097,13.644524236983843,30,244,840,1,182
1764,38.50987432675045,47,764,303,1,1287
61157,14.183123877917415,36,244,834,1,182
14061,39.721723518850986,65,755,294,1,1677
208621,13.509874326750449,31,239,844,1,156
198385,39.587073608617594,23,836,255,1,1058
34549,42.59425493716338,78,793,243,1,1879
44793,0.17953321364452424,2,0,1112,1,2
198399,7.989228007181328,2,174,938,1,35
202500,0.17953321364452424,2,0,1112,1,3
34569,15.61938958707361,10,328,776,1,124
132876,15.080789946140037,50,236,828,1,243
48919,40.57450628366248,40,824,250,1,1520
57111,17.280071813285456,5,375,734,1,371
206617,7.450628366247756,2,162,950,1,26
1820,15.933572710951527,67,221,826,1,334
20253,14.946140035906643,39,255,820,1,211
20258,4.712746858168761,3,99,1012,1,10
1828,41.202872531418315,69,780,265,1,5711
210728,12.567324955116696,11,258,845,1,131
1836,13.016157989228008,11,268,835,1,183
20278,13.375224416517055,22,254,838,1,165
44854,12.432675044883304,33,211,870,1,156
51001,8.168761220825854,3,176,935,1,32
212795,12.342908438061041,16,243,855,1,131
61244,11.983842010771992,4,259,851,1,120
204605,2.154398563734291,2,44,1068,1,3
204614,0.40394973070017953,2,5,1107,1,3
198471,8.48294434470377,7,175,932,1,38
32590,17.280071813285456,87,211,816,1,312
22356,14.631956912028725,34,258,822,1,418
36692,13.824057450628366,49,210,855,1,227
42841,13.824057450628366,33,242,839,1,159
34655,15.574506283662478,55,237,822,1,219
44901,15.350089766606823,53,236,825,1,193
200553,8.348294434470377,3,180,931,1,37
24429,16.561938958707362,64,241,809,1,302
20340,11.894075403949731,8,249,857,1,122
44920,0.17953321364452424,2,0,1112,1,4
202617,12.567324955116696,6,268,840,1,139
151420,16.4721723518851,31,305,778,1,622
34691,7.495511669658887,2,163,949,1,28
61317,13.330341113105925,22,253,839,1,190
200583,1.2567324955116697,2,24,1088,1,4
208775,0.17953321364452424,2,0,1112,1,3
16265,23.33931777378815,64,392,658,1,672
10122,14.587073608617594,33,259,822,1,200
206737,7.091561938958708,3,152,959,1,16
12189,12.432675044883304,18,241,855,1,155
24482,50.269299820466784,100,920,94,1,8412
200612,40.79892280071813,58,793,263,1,1300
202661,11.08617594254937,3,241,870,1,100
6057,41.38240574506283,47,828,239,1,3691
16297,2.96229802513465,2,62,1050,1,6
198570,11.400359066427288,3,248,863,1,111
44973,11.44524236983842,3,249,862,1,110
10158,11.8491921005386,5,254,855,1,137
44974,11.175942549371634,3,243,868,1,105
42947,14.138240574506284,42,231,841,1,165
45009,12.432675044883304,29,219,866,1,146
202709,7.989228007181328,3,172,939,1,36
42965,12.522441651705565,10,259,845,1,129
55256,17.010771992818672,70,239,805,1,327
16347,40.48473967684021,36,830,248,1,1473
38880,14.721723518850988,50,228,836,1,198
34788,11.804308797127469,5,253,856,1,112
206821,7.809694793536805,2,170,942,1,33
206825,11.579892280071814,9,240,865,1,110
20459,11.938958707360861,6,254,854,1,134
2027,17.863554757630162,17,364,733,1,513
51184,40.70915619389587,37,833,244,1,1306
45041,1.2118491921005385,2,23,1089,1,3
51185,50.89766606822262,97,940,77,1,3501
28663,13.105924596050269,15,262,837,1,177
20473,18.043087971274687,68,266,780,1,1364
38924,10.412926391382406,1,230,883,2,3
20495,22.082585278276483,49,394,671,2,514
38932,10.637342908438061,5,227,882,2,7
49176,12.163375224416518,18,235,861,2,44
49188,10.457809694793538,3,227,884,2,4
2119,22.935368043087973,36,439,639,2,637
49233,10.412926391382406,2,228,884,2,2
8280,11.131059245960502,6,236,872,2,30
41051,13.734290843806104,27,252,835,2,374
34909,10.457809694793538,3,227,884,2,4
28792,21.14003590664273,26,419,669,2,679
61568,28.36624775583483,55,522,537,2,1698
4230,14.721723518850988,13,302,799,2,604
12436,10.457809694793538,2,229,883,2,3
174,30.96947935368043,58,574,482,2,6777
20682,10.502692998204667,2,230,882,2,4
39122,28.45601436265709,46,542,526,2,1201
202968,10.368043087971275,1,229,884,2,1
39135,10.412926391382406,2,228,884,2,2
49387,10.412926391382406,2,228,884,2,2
209132,10.412926391382406,1,230,883,2,3
28910,15.125673249551166,22,293,799,2,589
211181,10.861759425493716,6,230,878,2,17
28909,10.502692998204667,2,230,882,2,4
8455,21.31956912028725,19,437,658,2,557
49434,16.92100538599641,15,347,752,2,404
205085,10.368043087971275,1,229,884,2,1
286,18.447037701974864,36,339,739,2,1604
47402,10.457809694793538,2,229,883,2,3
31019,20.646319569120287,47,366,701,2,466
35122,10.457809694793538,2,229,883,2,3
31029,13.958707360861759,5,301,808,2,82
6461,21.54398563734291,35,410,669,2,2625
207172,10.368043087971275,1,229,884,2,1
12615,14.631956912028725,49,228,837,2,124
205128,10.368043087971275,1,229,884,2,1
59729,10.412926391382406,2,228,884,2,5
205138,13.464991023339318,32,236,846,2,76
39251,11.490125673249551,10,236,868,2,33
203095,10.368043087971275,1,229,884,2,1
29030,12.926391382405745,24,240,850,2,63
57705,10.412926391382406,2,228,884,2,2
31083,10.816876122082585,8,225,881,2,16
59763,10.457809694793538,2,229,883,2,3
41339,10.412926391382406,2,228,884,2,2
199048,10.412926391382406,2,228,884,2,2
31122,27.378815080789945,57,496,561,2,1020
51605,10.412926391382406,2,228,884,2,2
205206,18.31238779174147,24,360,730,2,448
31140,10.457809694793538,1,231,882,2,3
20911,12.791741472172351,24,237,853,2,63
211380,11.131059245960502,8,232,874,2,185
12735,13.958707360861759,32,247,835,2,165
35266,21.14003590664273,27,417,670,2,660
59851,10.502692998204667,2,230,882,2,5
39384,13.240574506283663,7,281,826,2,180
35293,10.412926391382406,1,230,883,2,2
12796,10.502692998204667,2,230,882,2,4
49673,14.85637342908438,12,307,795,2,773
205331,10.368043087971275,1,229,884,2,1
205343,10.457809694793538,2,229,883,2,4
49699,10.368043087971275,1,229,884,2,1
6695,33.258527827648116,2,737,375,2,586
57895,10.368043087971275,1,229,884,2,1
199209,10.368043087971275,1,229,884,2,1
35369,14.85637342908438,8,315,791,2,320
61996,10.412926391382406,2,228,884,2,2
199221,10.412926391382406,2,228,884,2,3
31287,15.305206463195692,25,291,798,2,199
57912,10.502692998204667,2,230,882,2,4
2613,15.978456014362656,12,332,770,2,296
25147,10.412926391382406,2,228,884,2,2
29244,10.727109515260324,4,231,879,2,17
31293,11.669658886894075,12,236,866,2,32
199230,10.547576301615798,3,229,882,2,7
14907,30.655296229802513,53,577,484,2,1656
23106,30.430879712746858,59,560,495,2,3711
211526,10.457809694793538,1,231,882,2,11
35426,16.831238779174146,14,347,753,2,394
6758,16.651705565529625,15,341,758,2,382
203380,10.771992818671455,4,232,878,2,14
6777,23.114901256732495,20,475,619,2,552
25211,10.502692998204667,2,230,882,2,4
49815,10.457809694793538,2,229,883,2,4
62106,10.457809694793538,2,229,883,2,3
12956,13.689407540394972,15,275,824,2,254
60068,20.107719928186714,47,354,713,2,710
12969,27.468581687612208,40,532,542,2,1027
47787,31.597845601436266,67,570,477,2,3833
8877,10.368043087971275,1,229,884,2,1
6830,15.439856373429084,26,292,796,2,347
35505,13.285457809694794,20,256,838,2,165
197304,10.368043087971275,1,229,884,2,1
49849,12.971274685816876,25,239,850,2,64
31420,10.457809694793538,1,231,882,2,3
8896,20.825852782764812,25,414,675,2,934
41666,19.43447037701975,46,341,727,2,851
13004,20.421903052064632,63,329,722,2,745
31440,10.368043087971275,1,229,884,2,2
43733,14.00359066427289,14,284,816,2,479
62167,27.064631956912027,63,477,574,2,1279
47849,10.368043087971275,1,229,884,2,1
21230,10.457809694793538,1,231,882,2,4
6894,19.47935368043088,24,386,704,2,612
39668,13.240574506283663,18,259,837,2,154
60168,10.502692998204667,3,228,883,2,4
35600,17.45960502692998,13,363,738,2,449
205593,18.132854578096946,31,342,741,2,641
25374,13.195691202872531,31,232,851,2,70
35625,16.4721723518851,18,331,765,2,269
9009,29.488330341113105,81,495,538,2,1195
203574,13.240574506283663,20,255,839,2,163
209718,11.041292639138241,8,230,876,2,178
29504,13.91382405745063,8,294,812,2,290
31554,13.644524236983843,24,256,834,2,180
35654,10.368043087971275,1,229,884,2,1
207691,10.502692998204667,1,232,881,2,5
39766,10.502692998204667,2,230,882,2,5
13147,10.368043087971275,1,229,884,2,1
205665,10.368043087971275,1,229,884,2,1
9070,10.771992818671455,6,228,880,2,24
215941,10.412926391382406,1,230,883,2,2
29582,10.682226211849192,3,232,879,2,12
271253,28.41113105924596,41,551,522,2,3391
60326,18.62657091561939,40,335,739,2,600
43944,10.368043087971275,1,229,884,2,1
201642,10.457809694793538,2,229,883,2,3
35761,10.727109515260324,5,229,880,2,12
41922,10.412926391382406,1,230,883,2,2
58308,16.651705565529625,12,347,755,2,388
48070,20.960502692998205,25,417,672,2,673
207841,20.107719928186714,21,406,687,2,624
29667,10.637342908438061,3,231,880,2,8
263152,29.353680430879713,55,544,515,2,3568
29687,13.240574506283663,24,247,843,2,72
31742,21.005385996409334,25,418,671,2,685
42000,11.759425493716337,6,250,858,2,73
60447,11.220825852782765,12,226,876,2,23
33825,10.412926391382406,1,230,883,2,2
48181,10.368043087971275,1,229,884,2,1
201789,12.073608617594255,8,253,853,2,58
42049,10.368043087971275,1,229,884,2,1
44097,16.96588868940754,12,354,748,2,418
44103,15.754039497307001,44,263,807,2,387
15435,29.398563734290843,60,535,519,2,1026
1103,29.488330341113105,60,537,517,2,1074
3170,21.14003590664273,29,413,672,2,584
56430,13.55475763016158,22,258,834,2,185
42100,10.502692998204667,3,228,883,2,5
1140,27.468581687612208,39,534,541,2,858
50300,28.231597845601435,45,539,530,2,1097
50304,25.942549371633753,36,506,572,2,927
48264,10.368043087971275,1,229,884,2,1
3216,25.987432675044882,53,473,588,2,1720
212123,14.048473967684021,23,267,824,2,275
3233,13.195691202872531,20,254,840,2,161
3245,12.881508078994614,23,241,850,2,65
50360,10.637342908438061,4,229,881,2,20
3257,24.506283662477557,48,450,616,2,2702
216272,10.368043087971275,1,229,884,2,1
15576,24.416517055655298,37,470,607,2,681
216286,10.368043087971275,1,229,884,2,1
3303,24.59605026929982,55,438,621,2,1176
60656,10.412926391382406,2,228,884,2,2
1273,14.587073608617594,23,279,812,2,291
3333,27.51346499102334,39,535,540,2,864
25875,11.175942549371634,8,233,873,2,32
212250,10.502692998204667,3,228,883,2,8
3356,28.81508078994614,51,540,523,2,6655
197929,10.457809694793538,2,229,883,2,3
204092,15.933572710951527,19,317,778,2,359
44358,10.59245960502693,2,232,880,2,20
3399,27.244165170556553,44,519,551,2,803
56655,25.673249551166965,35,502,577,2,805
15703,26.795332136445243,38,521,555,2,826
42347,10.368043087971275,1,229,884,2,1
5511,15.035906642728905,16,303,795,2,344
212363,10.368043087971275,1,229,884,2,1
3491,16.247755834829444,20,322,772,2,699
42410,10.412926391382406,2,228,884,2,2
140731,18.940754039497307,43,336,735,2,848
44476,10.368043087971275,1,229,884,2,1
48571,13.509874326750449,23,255,836,2,179
208318,10.412926391382406,1,230,883,2,2
212416,10.457809694793538,3,227,884,2,4
50628,17.684021543985637,18,358,738,2,457
48584,10.368043087971275,1,229,884,2,2
42473,25.134649910233392,53,454,607,2,2860
50673,28.85996409335727,58,527,529,2,1157
204281,13.375224416517055,31,236,847,2,76
212508,13.734290843806104,17,272,825,2,221
44598,10.412926391382406,2,228,884,2,2
42555,10.682226211849192,4,230,880,2,13
202309,12.746858168761221,21,242,851,2,59
34376,10.502692998204667,2,230,882,2,5
50763,26.481149012567325,35,520,559,2,700
198228,13.375224416517055,32,234,848,2,73
212588,10.368043087971275,1,229,884,2,1
202365,20.017953321364452,40,366,708,2,535
34465,19.43447037701975,43,347,724,2,588
48821,15.350089766606823,8,326,780,2,175
140984,18.671454219030522,39,338,737,2,689
50889,13.644524236983843,21,262,831,2,76
42708,17.863554757630162,17,364,733,2,318
34524,10.457809694793538,2,229,883,2,3
204508,12.881508078994614,20,247,847,2,440
202463,10.368043087971275,1,229,884,2,1
200459,10.368043087971275,1,229,884,2,1
44814,15.754039497307001,11,329,774,2,132
34577,12.746858168761221,21,242,851,2,58
48917,10.457809694793538,1,231,882,2,3
61218,15.305206463195692,9,323,782,2,190
42794,10.457809694793538,2,229,883,2,3
202543,10.637342908438061,4,229,881,2,7
44851,10.412926391382406,1,230,883,2,3
42844,10.368043087971275,1,229,884,2,1
212828,16.337522441651707,20,324,770,2,391
202593,10.412926391382406,1,230,883,2,3
55172,10.368043087971275,1,229,884,2,1
49040,10.457809694793538,2,229,883,2,5
49041,10.368043087971275,1,229,884,2,1
51088,23.608617594254937,46,434,634,2,664
44967,10.412926391382406,2,228,884,2,2
200628,10.368043087971275,1,229,884,2,1
34754,10.457809694793538,2,229,883,2,3
42956,10.368043087971275,1,229,884,2,1
45007,10.368043087971275,1,229,884,2,1
34800,16.87612208258528,13,350,751,2,359
6731,1.8402154398563735,1,39,1074,2,20
15589,0.5834829443447038,1,11,1102,2,18
211949,0.3141831238779174,1,5,1108,2,3
208851,0.3141831238779174,1,5,1108,2,2
209026,0.17953321364452424,1,2,1111,2,1
5382,0.2244165170556553,1,3,1110,2,1
25002,0.2244165170556553,1,3,1110,2,3
59755,0.26929982046678635,1,4,1109,2,1
51710,0.26929982046678635,1,4,1109,2,1
